time,demand,year,month
2012-1-1,4,2012,ENE
2012-1-2,4,2012,ENE
2012-1-3,5,2012,ENE
2012-1-4,5,2012,ENE
2012-1-5,2,2012,ENE
2012-1-6,3,2012,ENE
2012-1-7,2,2012,ENE
2012-1-8,5,2012,ENE
2012-1-9,2,2012,ENE
2012-1-10,5,2012,ENE
2012-1-11,5,2012,ENE
2012-1-12,2,2012,ENE
2012-1-13,9,2012,ENE
2012-1-16,1,2012,ENE
2012-1-17,5,2012,ENE
2012-1-18,3,2012,ENE
2012-1-19,7,2012,ENE
2012-1-20,8,2012,ENE
2012-1-21,6,2012,ENE
2012-1-22,5,2012,ENE
2012-1-23,1,2012,ENE
2012-1-24,8,2012,ENE
2012-1-25,2,2012,ENE
2012-1-26,8,2012,ENE
2012-1-27,7,2012,ENE
2012-1-28,10,2012,ENE
2012-1-30,2,2012,ENE
2012-2-1,2,2012,FEB
2012-2-2,2,2012,FEB
2012-2-3,1,2012,FEB
2012-2-4,1,2012,FEB
2012-2-5,15,2012,FEB
2012-2-6,2,2012,FEB
2012-2-7,3,2012,FEB
2012-2-8,1,2012,FEB
2012-2-9,7,2012,FEB
2012-2-10,2,2012,FEB
2012-2-11,16,2012,FEB
2012-2-12,1,2012,FEB
2012-2-13,16,2012,FEB
2012-2-14,3,2012,FEB
2012-2-15,2,2012,FEB
2012-2-16,1,2012,FEB
2012-2-17,3,2012,FEB
2012-2-18,2,2012,FEB
2012-2-19,1,2012,FEB
2012-2-20,13,2012,FEB
2012-2-21,2,2012,FEB
2012-2-22,3,2012,FEB
2012-2-23,1,2012,FEB
2012-2-24,19,2012,FEB
2012-2-26,2,2012,FEB
2012-2-28,6,2012,FEB
2012-3-1,9,2012,MAR
2012-3-2,7,2012,MAR
2012-3-3,5,2012,MAR
2012-3-4,2,2012,MAR
2012-3-5,7,2012,MAR
2012-3-6,12,2012,MAR
2012-3-9,3,2012,MAR
2012-3-10,2,2012,MAR
2012-3-11,7,2012,MAR
2012-3-12,5,2012,MAR
2012-3-13,3,2012,MAR
2012-3-14,4,2012,MAR
2012-3-15,8,2012,MAR
2012-3-16,4,2012,MAR
2012-3-17,9,2012,MAR
2012-3-18,8,2012,MAR
2012-3-19,4,2012,MAR
2012-3-20,9,2012,MAR
2012-3-25,14,2012,MAR
2012-4-3,5,2012,ABR
2012-4-4,3,2012,ABR
2012-4-5,4,2012,ABR
2012-4-6,6,2012,ABR
2012-4-7,2,2012,ABR
2012-4-11,8,2012,ABR
2012-4-12,1,2012,ABR
2012-4-13,5,2012,ABR
2012-4-14,4,2012,ABR
2012-4-15,6,2012,ABR
2012-4-16,2,2012,ABR
2012-4-17,10,2012,ABR
2012-4-22,2,2012,ABR
2012-4-25,3,2012,ABR
2012-4-26,5,2012,ABR
2012-4-27,3,2012,ABR
2012-4-28,2,2012,ABR
2012-4-29,1,2012,ABR
2012-5-2,3,2012,MAY
2012-5-3,2,2012,MAY
2012-5-4,4,2012,MAY
2012-5-5,5,2012,MAY
2012-5-6,1,2012,MAY
2012-5-7,7,2012,MAY
2012-5-9,2,2012,MAY
2012-5-10,4,2012,MAY
2012-5-11,2,2012,MAY
2012-5-12,4,2012,MAY
2012-5-13,6,2012,MAY
2012-5-14,3,2012,MAY
2012-5-15,10,2012,MAY
2012-5-18,7,2012,MAY
2012-5-19,5,2012,MAY
2012-5-20,3,2012,MAY
2012-5-21,2,2012,MAY
2012-5-22,3,2012,MAY
2012-5-23,5,2012,MAY
2012-5-24,4,2012,MAY
2012-5-25,7,2012,MAY
2012-5-27,3,2012,MAY
2012-6-28,2,2012,JUN
2012-6-1,3,2012,JUN
2012-6-2,1,2012,JUN
2012-6-3,12,2012,JUN
2012-6-5,1,2012,JUN
2012-6-6,3,2012,JUN
2012-6-7,2,2012,JUN
2012-6-8,1,2012,JUN
2012-6-9,4,2012,JUN
2012-6-10,3,2012,JUN
2012-6-11,6,2012,JUN
2012-6-12,2,2012,JUN
2012-6-13,5,2012,JUN
2012-6-14,1,2012,JUN
2012-6-16,4,2012,JUN
2012-6-17,3,2012,JUN
2012-6-18,6,2012,JUN
2012-6-19,4,2012,JUN
2012-6-20,2,2012,JUN
2012-6-23,5,2012,JUN
2012-6-24,1,2012,JUN
2012-6-25,4,2012,JUN
2012-6-26,1,2012,JUN
2012-7-1,5,2012,JUL
2012-7-2,2,2012,JUL
2012-7-3,1,2012,JUL
2012-7-4,2,2012,JUL
2012-7-5,3,2012,JUL
2012-7-6,9,2012,JUL
2012-7-8,2,2012,JUL
2012-7-9,1,2012,JUL
2012-7-10,2,2012,JUL
2012-7-11,4,2012,JUL
2012-7-12,2,2012,JUL
2012-7-13,5,2012,JUL
2012-7-14,11,2012,JUL
2012-7-17,2,2012,JUL
2012-7-18,1,2012,JUL
2012-7-19,2,2012,JUL
2012-7-20,4,2012,JUL
2012-7-21,3,2012,JUL
2012-7-22,1,2012,JUL
2012-7-23,5,2012,JUL
2012-7-24,6,2012,JUL
2012-7-26,1,2012,JUL
2012-7-27,3,2012,JUL
2012-7-28,1,2012,JUL
2012-8-1,2,2012,AGO
2012-8-2,3,2012,AGO
2012-8-3,1,2012,AGO
2012-8-4,9,2012,AGO
2012-8-5,2,2012,AGO
2012-8-6,4,2012,AGO
2012-8-7,1,2012,AGO
2012-8-8,2,2012,AGO
2012-8-9,12,2012,AGO
2012-8-12,2,2012,AGO
2012-8-13,1,2012,AGO
2012-8-14,4,2012,AGO
2012-8-15,5,2012,AGO
2012-8-16,2,2012,AGO
2012-8-17,7,2012,AGO
2012-8-18,1,2012,AGO
2012-8-19,2,2012,AGO
2012-8-20,10,2012,AGO
2012-8-21,1,2012,AGO
2012-8-22,5,2012,AGO
2012-8-23,1,2012,AGO
2012-8-24,2,2012,AGO
2012-8-25,7,2012,AGO
2012-8-26,3,2012,AGO
2012-8-27,1,2012,AGO
2012-8-28,4,2012,AGO
2012-8-29,1,2012,AGO
2012-8-30,2,2012,AGO
2012-8-31,3,2012,AGO
2012-9-2,1,2012,SEPT
2012-9-3,4,2012,SEPT
2012-9-4,1,2012,SEPT
2012-9-5,4,2012,SEPT
2012-9-6,2,2012,SEPT
2012-9-7,1,2012,SEPT
2012-9-8,12,2012,SEPT
2012-9-9,5,2012,SEPT
2012-9-10,4,2012,SEPT
2012-9-11,2,2012,SEPT
2012-9-12,1,2012,SEPT
2012-9-13,11,2012,SEPT
2012-9-14,3,2012,SEPT
2012-9-15,1,2012,SEPT
2012-9-16,3,2012,SEPT
2012-9-17,2,2012,SEPT
2012-9-18,1,2012,SEPT
2012-9-19,10,2012,SEPT
2012-9-20,6,2012,SEPT
2012-9-21,5,2012,SEPT
2012-9-22,3,2012,SEPT
2012-9-23,4,2012,SEPT
2012-9-24,1,2012,SEPT
2012-9-25,2,2012,SEPT
2012-9-26,3,2012,SEPT
2012-9-27,5,2012,SEPT
2012-9-28,1,2012,SEPT
2012-9-29,7,2012,SEPT
2012-9-30,1,2012,SEPT
2012-10-1,2,2012,OCT
2012-10-2,1,2012,OCT
2012-10-3,5,2012,OCT
2012-10-4,2,2012,OCT
2012-10-5,1,2012,OCT
2012-10-6,5,2012,OCT
2012-10-7,14,2012,OCT
2012-10-10,2,2012,OCT
2012-10-11,1,2012,OCT
2012-10-12,4,2012,OCT
2012-10-13,3,2012,OCT
2012-10-14,1,2012,OCT
2012-10-15,2,2012,OCT
2012-10-16,10,2012,OCT
2012-10-19,1,2012,OCT
2012-10-20,1,2012,OCT
2012-10-21,5,2012,OCT
2012-10-22,4,2012,OCT
2012-10-23,2,2012,OCT
2012-10-24,7,2012,OCT
2012-10-25,3,2012,OCT
2012-10-26,1,2012,OCT
2012-10-27,2,2012,OCT
2012-10-28,3,2012,OCT
2012-10-29,7,2012,OCT
2012-10-30,1,2012,OCT
2012-11-1,2,2012,NOV
2012-11-2,3,2012,NOV
2012-11-3,1,2012,NOV
2012-11-4,2,2012,NOV
2012-11-5,5,2012,NOV
2012-11-6,12,2012,NOV
2012-11-7,3,2012,NOV
2012-11-8,1,2012,NOV
2012-11-9,3,2012,NOV
2012-11-10,2,2012,NOV
2012-11-11,1,2012,NOV
2012-11-12,7,2012,NOV
2012-11-13,5,2012,NOV
2012-11-14,8,2012,NOV
2012-11-15,15,2012,NOV
2012-11-16,7,2012,NOV
2012-11-17,2,2012,NOV
2012-11-18,4,2012,NOV
2012-11-19,6,2012,NOV
2012-11-20,4,2012,NOV
2012-11-21,12,2012,NOV
2012-11-22,2,2012,NOV
2012-11-23,3,2012,NOV
2012-11-24,5,2012,NOV
2012-11-25,2,2012,NOV
2012-11-26,10,2012,NOV
2012-11-27,3,2012,NOV
2012-11-28,4,2012,NOV
2012-11-29,2,2012,NOV
2012-11-30,1,2012,NOV
2012-12-1,3,2012,DIC
2012-12-2,2,2012,DIC
2012-12-3,1,2012,DIC
2012-12-4,3,2012,DIC
2012-12-5,10,2012,DIC
2012-12-6,5,2012,DIC
2012-12-7,1,2012,DIC
2012-12-8,2,2012,DIC
2012-12-9,4,2012,DIC
2012-12-10,1,2012,DIC
2012-12-11,2,2012,DIC
2012-12-12,4,2012,DIC
2012-12-13,10,2012,DIC
2012-12-15,4,2012,DIC
2012-12-16,2,2012,DIC
2012-12-17,1,2012,DIC
2012-12-18,3,2012,DIC
2012-12-19,1,2012,DIC
2012-12-20,3,2012,DIC
2012-12-21,1,2012,DIC
2012-12-22,3,2012,DIC
2012-12-23,6,2012,DIC
2012-12-26,5,2012,DIC
2012-12-27,1,2012,DIC
2012-12-28,8,2012,DIC
2012-12-29,1,2012,DIC
2012-12-30,2,2012,DIC
2012-12-31,5,2012,DIC
2013-1-1,5,2013,ENE
2013-1-3,3,2013,ENE
2013-1-4,1,2013,ENE
2013-1-5,2,2013,ENE
2013-1-6,2,2013,ENE
2013-1-7,5,2013,ENE
2013-1-9,10,2013,ENE
2013-1-10,7,2013,ENE
2013-1-11,2,2013,ENE
2013-1-12,5,2013,ENE
2013-1-13,2,2013,ENE
2013-1-14,7,2013,ENE
2013-1-16,10,2013,ENE
2013-1-20,2,2013,ENE
2013-1-21,7,2013,ENE
2013-1-22,8,2013,ENE
2013-1-23,3,2013,ENE
2013-1-24,2,2013,ENE
2013-1-25,8,2013,ENE
2013-1-26,2,2013,ENE
2013-1-27,8,2013,ENE
2013-1-28,4,2013,ENE
2013-1-29,3,2013,ENE
2013-1-30,1,2013,ENE
2013-1-31,2,2013,ENE
2013-2-2,6,2013,FEB
2013-2-3,2,2013,FEB
2013-2-4,2,2013,FEB
2013-2-5,2,2013,FEB
2013-2-6,13,2013,FEB
2013-2-7,9,2013,FEB
2013-2-8,1,2013,FEB
2013-2-9,2,2013,FEB
2013-2-10,3,2013,FEB
2013-2-11,3,2013,FEB
2013-2-12,2,2013,FEB
2013-2-13,4,2013,FEB
2013-2-14,5,2013,FEB
2013-2-15,9,2013,FEB
2013-2-16,13,2013,FEB
2013-2-19,2,2013,FEB
2013-2-20,3,2013,FEB
2013-2-21,1,2013,FEB
2013-2-22,6,2013,FEB
2013-2-23,7,2013,FEB
2013-2-24,8,2013,FEB
2013-2-25,9,2013,FEB
2013-2-26,2,2013,FEB
2013-2-27,1,2013,FEB
2013-2-28,2,2013,FEB
2013-3-1,6,2013,MAR
2013-3-2,6,2013,MAR
2013-3-3,3,2013,MAR
2013-3-5,10,2013,MAR
2013-3-6,3,2013,MAR
2013-3-7,4,2013,MAR
2013-3-8,5,2013,MAR
2013-3-9,8,2013,MAR
2013-3-10,6,2013,MAR
2013-3-11,4,2013,MAR
2013-3-12,2,2013,MAR
2013-3-13,3,2013,MAR
2013-3-14,2,2013,MAR
2013-3-15,3,2013,MAR
2013-3-16,16,2013,MAR
2013-3-22,5,2013,MAR
2013-4-23,5,2013,ABR
2013-4-24,2,2013,ABR
2013-4-2,3,2013,ABR
2013-4-3,5,2013,ABR
2013-4-4,9,2013,ABR
2013-4-5,2,2013,ABR
2013-4-6,2,2013,ABR
2013-4-7,6,2013,ABR
2013-4-8,2,2013,ABR
2013-4-9,10,2013,ABR
2013-4-12,5,2013,ABR
2013-4-13,2,2013,ABR
2013-4-14,2,2013,ABR
2013-4-15,2,2013,ABR
2013-4-16,4,2013,ABR
2013-4-17,11,2013,ABR
2013-4-22,6,2013,ABR
2013-4-24,1,2013,ABR
2013-4-25,9,2013,ABR
2013-4-26,2,2013,ABR
2013-5-1,2,2013,MAY
2013-5-2,5,2013,MAY
2013-5-3,3,2013,MAY
2013-5-4,10,2013,MAY
2013-5-7,2,2013,MAY
2013-5-8,6,2013,MAY
2013-5-9,2,2013,MAY
2013-5-10,5,2013,MAY
2013-5-11,9,2013,MAY
2013-5-13,4,2013,MAY
2013-5-14,2,2013,MAY
2013-5-15,5,2013,MAY
2013-5-16,2,2013,MAY
2013-5-17,8,2013,MAY
2013-5-21,4,2013,MAY
2013-5-22,2,2013,MAY
2013-5-23,3,2013,MAY
2013-5-24,5,2013,MAY
2013-5-25,7,2013,MAY
2013-5-26,3,2013,MAY
2013-5-27,1,2013,MAY
2013-5-28,2,2013,MAY
2013-6-1,2,2013,JUN
2013-6-2,5,2013,JUN
2013-6-3,2,2013,JUN
2013-6-4,3,2013,JUN
2013-6-5,1,2013,JUN
2013-6-6,11,2013,JUN
2013-6-8,2,2013,JUN
2013-6-9,5,2013,JUN
2013-6-10,2,2013,JUN
2013-6-11,1,2013,JUN
2013-6-12,3,2013,JUN
2013-6-13,6,2013,JUN
2013-6-14,1,2013,JUN
2013-6-16,2,2013,JUN
2013-6-17,3,2013,JUN
2013-6-18,1,2013,JUN
2013-6-19,5,2013,JUN
2013-6-20,4,2013,JUN
2013-6-21,8,2013,JUN
2013-6-22,5,2013,JUN
2013-6-23,8,2013,JUN
2013-6-24,1,2013,JUN
2013-6-25,2,2013,JUN
2013-6-26,3,2013,JUN
2013-6-27,2,2013,JUN
2013-7-1,1,2013,JUL
2013-7-2,2,2013,JUL
2013-7-3,5,2013,JUL
2013-7-4,1,2013,JUL
2013-7-5,12,2013,JUL
2013-7-7,1,2013,JUL
2013-7-8,2,2013,JUL
2013-7-9,3,2013,JUL
2013-7-10,2,2013,JUL
2013-7-11,1,2013,JUL
2013-7-12,3,2013,JUL
2013-7-13,9,2013,JUL
2013-7-14,2,2013,JUL
2013-7-15,7,2013,JUL
2013-7-16,1,2013,JUL
2013-7-17,5,2013,JUL
2013-7-18,9,2013,JUL
2013-7-19,1,2013,JUL
2013-7-20,3,2013,JUL
2013-7-21,2,2013,JUL
2013-7-22,1,2013,JUL
2013-7-23,10,2013,JUL
2013-7-26,1,2013,JUL
2013-7-27,2,2013,JUL
2013-7-28,1,2013,JUL
2013-7-29,4,2013,JUL
2013-7-30,3,2013,JUL
2013-7-31,1,2013,JUL
2013-8-1,2,2013,AGO
2013-8-2,1,2013,AGO
2013-8-3,3,2013,AGO
2013-8-4,1,2013,AGO
2013-8-5,5,2013,AGO
2013-8-6,3,2013,AGO
2013-8-7,1,2013,AGO
2013-8-8,5,2013,AGO
2013-8-9,4,2013,AGO
2013-8-10,9,2013,AGO
2013-8-11,3,2013,AGO
2013-8-12,1,2013,AGO
2013-8-13,7,2013,AGO
2013-8-14,1,2013,AGO
2013-8-15,2,2013,AGO
2013-8-16,5,2013,AGO
2013-8-17,3,2013,AGO
2013-8-18,14,2013,AGO
2013-8-23,4,2013,AGO
2013-8-24,2,2013,AGO
2013-8-25,3,2013,AGO
2013-8-26,1,2013,AGO
2013-8-27,2,2013,AGO
2013-8-28,6,2013,AGO
2013-8-29,1,2013,AGO
2013-8-30,5,2013,AGO
2013-9-1,1,2013,SEPT
2013-9-2,2,2013,SEPT
2013-9-3,1,2013,SEPT
2013-9-4,7,2013,SEPT
2013-9-5,5,2013,SEPT
2013-9-6,4,2013,SEPT
2013-9-7,14,2013,SEPT
2013-9-8,2,2013,SEPT
2013-9-9,1,2013,SEPT
2013-9-10,4,2013,SEPT
2013-9-11,6,2013,SEPT
2013-9-12,1,2013,SEPT
2013-9-13,2,2013,SEPT
2013-9-14,5,2013,SEPT
2013-9-15,1,2013,SEPT
2013-9-16,6,2013,SEPT
2013-9-17,14,2013,SEPT
2013-9-18,2,2013,SEPT
2013-9-19,4,2013,SEPT
2013-9-20,3,2013,SEPT
2013-9-21,1,2013,SEPT
2013-9-22,4,2013,SEPT
2013-9-23,1,2013,SEPT
2013-9-24,2,2013,SEPT
2013-9-25,1,2013,SEPT
2013-9-26,2,2013,SEPT
2013-9-27,6,2013,SEPT
2013-9-28,1,2013,SEPT
2013-9-29,5,2013,SEPT
2013-9-30,2,2013,SEPT
2013-10-1,3,2013,OCT
2013-10-2,6,2013,OCT
2013-10-3,4,2013,OCT
2013-10-4,5,2013,OCT
2013-10-5,1,2013,OCT
2013-10-6,2,2013,OCT
2013-10-7,8,2013,OCT
2013-10-8,2,2013,OCT
2013-10-9,1,2013,OCT
2013-10-10,10,2013,OCT
2013-10-12,6,2013,OCT
2013-10-13,4,2013,OCT
2013-10-14,2,2013,OCT
2013-10-15,1,2013,OCT
2013-10-16,9,2013,OCT
2013-10-17,1,2013,OCT
2013-10-18,2,2013,OCT
2013-10-19,5,2013,OCT
2013-10-20,7,2013,OCT
2013-10-21,14,2013,OCT
2013-10-22,6,2013,OCT
2013-10-23,2,2013,OCT
2013-10-24,5,2013,OCT
2013-10-25,2,2013,OCT
2013-10-26,4,2013,OCT
2013-10-27,7,2013,OCT
2013-10-28,2,2013,OCT
2013-10-29,3,2013,OCT
2013-10-30,8,2013,OCT
2013-10-31,2,2013,OCT
2013-11-1,1,2013,NOV
2013-11-2,4,2013,NOV
2013-11-3,5,2013,NOV
2013-11-4,2,2013,NOV
2013-11-5,1,2013,NOV
2013-11-6,5,2013,NOV
2013-11-7,12,2013,NOV
2013-11-8,4,2013,NOV
2013-11-9,1,2013,NOV
2013-11-10,4,2013,NOV
2013-11-11,5,2013,NOV
2013-11-12,2,2013,NOV
2013-11-13,9,2013,NOV
2013-11-14,4,2013,NOV
2013-11-15,1,2013,NOV
2013-11-16,2,2013,NOV
2013-11-17,1,2013,NOV
2013-11-18,11,2013,NOV
2013-11-20,6,2013,NOV
2013-11-21,1,2013,NOV
2013-11-22,5,2013,NOV
2013-11-23,3,2013,NOV
2013-11-24,1,2013,NOV
2013-11-25,3,2013,NOV
2013-11-26,1,2013,NOV
2013-11-27,7,2013,NOV
2013-11-28,2,2013,NOV
2013-11-29,3,2013,NOV
2013-11-30,1,2013,NOV
2013-12-1,2,2013,DIC
2013-12-2,1,2013,DIC
2013-12-3,10,2013,DIC
2013-12-5,1,2013,DIC
2013-12-6,3,2013,DIC
2013-12-7,2,2013,DIC
2013-12-8,3,2013,DIC
2013-12-9,1,2013,DIC
2013-12-10,4,2013,DIC
2013-12-11,1,2013,DIC
2013-12-12,5,2013,DIC
2013-12-13,2,2013,DIC
2013-12-14,1,2013,DIC
2013-12-15,8,2013,DIC
2013-12-16,1,2013,DIC
2013-12-18,5,2013,DIC
2013-12-19,1,2013,DIC
2013-12-20,3,2013,DIC
2013-12-21,1,2013,DIC
2013-12-22,2,2013,DIC
2013-12-26,3,2013,DIC
2013-12-27,1,2013,DIC
2013-12-28,2,2013,DIC
2013-12-29,1,2013,DIC
2013-12-30,2,2013,DIC
2013-12-31,4,2013,DIC
2014-1-1,4,2014,ENE
2014-1-2,1,2014,ENE
2014-1-4,11,2014,ENE
2014-1-5,1,2014,ENE
2014-1-6,1,2014,ENE
2014-1-8,10,2014,ENE
2014-1-9,2,2014,ENE
2014-1-10,2,2014,ENE
2014-1-11,1,2014,ENE
2014-1-12,6,2014,ENE
2014-1-13,1,2014,ENE
2014-1-15,10,2014,ENE
2014-1-16,2,2014,ENE
2014-1-17,1,2014,ENE
2014-1-18,3,2014,ENE
2014-1-19,4,2014,ENE
2014-1-20,7,2014,ENE
2014-1-21,8,2014,ENE
2014-1-22,3,2014,ENE
2014-1-23,4,2014,ENE
2014-1-24,2,2014,ENE
2014-1-25,10,2014,ENE
2014-1-26,2,2014,ENE
2014-1-27,1,2014,ENE
2014-1-29,13,2014,ENE
2014-1-31,4,2014,ENE
2014-2-1,7,2014,FEB
2014-2-2,2,2014,FEB
2014-2-3,5,2014,FEB
2014-2-4,9,2014,FEB
2014-2-5,9,2014,FEB
2014-2-6,5,2014,FEB
2014-2-7,4,2014,FEB
2014-2-8,8,2014,FEB
2014-2-9,2,2014,FEB
2014-2-10,6,2014,FEB
2014-2-11,2,2014,FEB
2014-2-12,11,2014,FEB
2014-2-13,2,2014,FEB
2014-2-14,8,2014,FEB
2014-2-15,11,2014,FEB
2014-2-16,2,2014,FEB
2014-2-17,5,2014,FEB
2014-2-18,1,2014,FEB
2014-2-19,13,2014,FEB
2014-2-20,2,2014,FEB
2014-2-21,3,2014,FEB
2014-2-22,1,2014,FEB
2014-2-23,2,2014,FEB
2014-2-24,3,2014,FEB
2014-2-25,5,2014,FEB
2014-2-26,3,2014,FEB
2014-2-27,4,2014,FEB
2014-3-1,12,2014,MAR
2014-3-3,4,2014,MAR
2014-3-4,4,2014,MAR
2014-3-5,7,2014,MAR
2014-3-6,1,2014,MAR
2014-3-7,14,2014,MAR
2014-3-8,4,2014,MAR
2014-3-9,10,2014,MAR
2014-3-13,4,2014,MAR
2014-3-14,2,2014,MAR
2014-3-15,4,2014,MAR
2014-3-16,12,2014,MAR
2014-3-17,2,2014,MAR
2014-3-18,5,2014,MAR
2014-3-19,6,2014,MAR
2014-3-20,4,2014,MAR
2014-3-21,1,2014,MAR
2014-3-22,17,2014,MAR
2014-3-25,4,2014,MAR
2014-3-26,3,2014,MAR
2014-3-27,4,2014,MAR
2014-3-28,12,2014,MAR
2014-4-5,3,2014,ABR
2014-4-6,4,2014,ABR
2014-4-7,2,2014,ABR
2014-4-8,1,2014,ABR
2014-4-9,11,2014,ABR
2014-4-12,3,2014,ABR
2014-4-13,3,2014,ABR
2014-4-14,8,2014,ABR
2014-4-15,8,2014,ABR
2014-4-16,2,2014,ABR
2014-4-17,1,2014,ABR
2014-4-18,2,2014,ABR
2014-4-19,8,2014,ABR
2014-4-20,10,2014,ABR
2014-4-23,2,2014,ABR
2014-4-24,6,2014,ABR
2014-4-25,4,2014,ABR
2014-5-1,3,2014,MAY
2014-5-2,1,2014,MAY
2014-5-3,6,2014,MAY
2014-5-4,10,2014,MAY
2014-5-7,3,2014,MAY
2014-5-8,1,2014,MAY
2014-5-9,7,2014,MAY
2014-5-10,5,2014,MAY
2014-5-11,2,2014,MAY
2014-5-12,4,2014,MAY
2014-5-13,7,2014,MAY
2014-5-14,2,2014,MAY
2014-5-15,3,2014,MAY
2014-5-20,5,2014,MAY
2014-5-22,7,2014,MAY
2014-5-24,1,2014,MAY
2014-5-25,8,2014,MAY
2014-5-26,2,2014,MAY
2014-5-27,6,2014,MAY
2014-5-28,2,2014,MAY
2014-5-29,3,2014,MAY
2014-6-1,2,2014,JUN
2014-6-2,5,2014,JUN
2014-6-3,2,2014,JUN
2014-6-4,1,2014,JUN
2014-6-5,3,2014,JUN
2014-6-6,2,2014,JUN
2014-6-7,5,2014,JUN
2014-6-8,10,2014,JUN
2014-6-12,1,2014,JUN
2014-6-13,2,2014,JUN
2014-6-14,4,2014,JUN
2014-6-15,1,2014,JUN
2014-6-16,4,2014,JUN
2014-6-17,5,2014,JUN
2014-6-18,2,2014,JUN
2014-6-19,1,2014,JUN
2014-6-20,5,2014,JUN
2014-6-21,7,2014,JUN
2014-6-22,12,2014,JUN
2014-6-24,1,2014,JUN
2014-6-25,4,2014,JUN
2014-6-26,2,2014,JUN
2014-6-27,5,2014,JUN
2014-6-28,1,2014,JUN
2014-6-29,2,2014,JUN
2014-6-30,10,2014,JUN
2014-7-2,2,2014,JUL
2014-7-3,4,2014,JUL
2014-7-4,1,2014,JUL
2014-7-5,5,2014,JUL
2014-7-6,10,2014,JUL
2014-7-8,1,2014,JUL
2014-7-9,2,2014,JUL
2014-7-10,1,2014,JUL
2014-7-11,4,2014,JUL
2014-7-12,1,2014,JUL
2014-7-13,4,2014,JUL
2014-7-14,2,2014,JUL
2014-7-15,14,2014,JUL
2014-7-17,1,2014,JUL
2014-7-18,6,2014,JUL
2014-7-19,1,2014,JUL
2014-7-20,3,2014,JUL
2014-7-21,1,2014,JUL
2014-7-22,3,2014,JUL
2014-7-23,1,2014,JUL
2014-7-24,2,2014,JUL
2014-7-25,10,2014,JUL
2014-7-28,2,2014,JUL
2014-7-29,4,2014,JUL
2014-7-30,1,2014,JUL
2014-7-31,5,2014,JUL
2014-8-1,2,2014,AGO
2014-8-2,1,2014,AGO
2014-8-3,9,2014,AGO
2014-8-4,1,2014,AGO
2014-8-5,2,2014,AGO
2014-8-6,4,2014,AGO
2014-8-7,1,2014,AGO
2014-8-8,5,2014,AGO
2014-8-9,3,2014,AGO
2014-8-10,1,2014,AGO
2014-8-11,6,2014,AGO
2014-8-12,3,2014,AGO
2014-8-13,2,2014,AGO
2014-8-14,4,2014,AGO
2014-8-15,2,2014,AGO
2014-8-16,1,2014,AGO
2014-8-17,5,2014,AGO
2014-8-18,13,2014,AGO
2014-8-21,2,2014,AGO
2014-8-22,3,2014,AGO
2014-8-23,5,2014,AGO
2014-8-24,2,2014,AGO
2014-8-25,6,2014,AGO
2014-8-26,4,2014,AGO
2014-8-27,2,2014,AGO
2014-8-28,5,2014,AGO
2014-8-29,2,2014,AGO
2014-9-1,4,2014,SEPT
2014-9-2,1,2014,SEPT
2014-9-3,3,2014,SEPT
2014-9-4,5,2014,SEPT
2014-9-5,11,2014,SEPT
2014-9-8,4,2014,SEPT
2014-9-9,1,2014,SEPT
2014-9-10,5,2014,SEPT
2014-9-11,1,2014,SEPT
2014-9-12,2,2014,SEPT
2014-9-13,4,2014,SEPT
2014-9-14,1,2014,SEPT
2014-9-15,3,2014,SEPT
2014-9-16,4,2014,SEPT
2014-9-17,7,2014,SEPT
2014-9-20,1,2014,SEPT
2014-9-21,2,2014,SEPT
2014-9-22,1,2014,SEPT
2014-9-23,4,2014,SEPT
2014-9-24,1,2014,SEPT
2014-9-25,3,2014,SEPT
2014-9-26,5,2014,SEPT
2014-9-27,2,2014,SEPT
2014-9-28,1,2014,SEPT
2014-10-1,2,2014,OCT
2014-10-2,3,2014,OCT
2014-10-3,1,2014,OCT
2014-10-4,2,2014,OCT
2014-10-5,10,2014,OCT
2014-10-6,2,2014,OCT
2014-10-7,5,2014,OCT
2014-10-8,1,2014,OCT
2014-10-9,8,2014,OCT
2014-10-10,3,2014,OCT
2014-10-11,2,2014,OCT
2014-10-12,11,2014,OCT
2014-10-14,1,2014,OCT
2014-10-15,2,2014,OCT
2014-10-16,4,2014,OCT
2014-10-17,1,2014,OCT
2014-10-18,12,2014,OCT
2014-10-20,1,2014,OCT
2014-10-21,3,2014,OCT
2014-10-22,5,2014,OCT
2014-10-23,1,2014,OCT
2014-10-24,9,2014,OCT
2014-10-25,4,2014,OCT
2014-10-26,2,2014,OCT
2014-10-27,1,2014,OCT
2014-10-28,8,2014,OCT
2014-10-29,4,2014,OCT
2014-10-30,1,2014,OCT
2014-10-31,2,2014,OCT
2014-11-1,4,2014,NOV
2014-11-2,3,2014,NOV
2014-11-3,1,2014,NOV
2014-11-4,12,2014,NOV
2014-11-7,5,2014,NOV
2014-11-8,3,2014,NOV
2014-11-9,1,2014,NOV
2014-11-10,5,2014,NOV
2014-11-11,2,2014,NOV
2014-11-12,1,2014,NOV
2014-11-13,9,2014,NOV
2014-11-14,5,2014,NOV
2014-11-15,13,2014,NOV
2014-11-17,5,2014,NOV
2014-11-18,1,2014,NOV
2014-11-19,2,2014,NOV
2014-11-20,1,2014,NOV
2014-11-21,2,2014,NOV
2014-11-22,3,2014,NOV
2014-11-23,1,2014,NOV
2014-11-24,4,2014,NOV
2014-11-25,5,2014,NOV
2014-11-26,1,2014,NOV
2014-11-27,2,2014,NOV
2014-11-28,3,2014,NOV
2014-11-29,2,2014,NOV
2014-12-1,3,2014,DIC
2014-12-2,1,2014,DIC
2014-12-3,2,2014,DIC
2014-12-4,3,2014,DIC
2014-12-5,2,2014,DIC
2014-12-6,5,2014,DIC
2014-12-7,10,2014,DIC
2014-12-9,2,2014,DIC
2014-12-10,1,2014,DIC
2014-12-11,2,2014,DIC
2014-12-12,1,2014,DIC
2014-12-13,10,2014,DIC
2014-12-15,2,2014,DIC
2014-12-16,1,2014,DIC
2014-12-17,4,2014,DIC
2014-12-18,6,2014,DIC
2014-12-19,4,2014,DIC
2014-12-20,2,2014,DIC
2014-12-21,1,2014,DIC
2014-12-22,2,2014,DIC
2014-12-23,1,2014,DIC
2014-12-27,5,2014,DIC
2014-12-28,2,2014,DIC
2014-12-29,3,2014,DIC
2014-12-30,2,2014,DIC
2014-12-31,4,2014,DIC
2015-1-1,3,2015,ENE
2015-1-2,1,2015,ENE
2015-1-3,9,2015,ENE
2015-1-4,1,2015,ENE
2015-1-5,2,2015,ENE
2015-1-7,14,2015,ENE
2015-1-8,2,2015,ENE
2015-1-9,3,2015,ENE
2015-1-10,2,2015,ENE
2015-1-11,1,2015,ENE
2015-1-12,2,2015,ENE
2015-1-13,3,2015,ENE
2015-1-15,12,2015,ENE
2015-1-16,1,2015,ENE
2015-1-17,3,2015,ENE
2015-1-18,14,2015,ENE
2015-1-19,3,2015,ENE
2015-1-20,1,2015,ENE
2015-1-21,2,2015,ENE
2015-1-22,2,2015,ENE
2015-1-23,3,2015,ENE
2015-1-24,7,2015,ENE
2015-1-25,2,2015,ENE
2015-1-26,4,2015,ENE
2015-1-27,10,2015,ENE
2015-1-28,2,2015,ENE
2015-1-29,4,2015,ENE
2015-1-30,1,2015,ENE
2015-2-1,7,2015,FEB
2015-2-2,13,2015,FEB
2015-2-3,3,2015,FEB
2015-2-4,2,2015,FEB
2015-2-5,4,2015,FEB
2015-2-6,1,2015,FEB
2015-2-8,17,2015,FEB
2015-2-10,1,2015,FEB
2015-2-11,7,2015,FEB
2015-2-12,1,2015,FEB
2015-2-13,12,2015,FEB
2015-2-14,1,2015,FEB
2015-2-15,1,2015,FEB
2015-2-16,6,2015,FEB
2015-2-17,2,2015,FEB
2015-2-18,3,2015,FEB
2015-2-19,14,2015,FEB
2015-2-22,3,2015,FEB
2015-2-23,2,2015,FEB
2015-2-24,1,2015,FEB
2015-2-25,1,2015,FEB
2015-2-26,7,2015,FEB
2015-2-27,1,2015,FEB
2015-3-1,5,2015,MAR
2015-3-2,5,2015,MAR
2015-3-3,2,2015,MAR
2015-3-4,3,2015,MAR
2015-3-5,4,2015,MAR
2015-3-8,9,2015,MAR
2015-3-9,3,2015,MAR
2015-3-10,4,2015,MAR
2015-3-11,3,2015,MAR
2015-3-12,4,2015,MAR
2015-3-16,2,2015,MAR
2015-3-17,8,2015,MAR
2015-3-18,1,2015,MAR
2015-3-19,8,2015,MAR
2015-3-20,9,2015,MAR
2015-3-23,5,2015,MAR
2015-3-26,11,2015,MAR
2015-4-2,2,2015,ABR
2015-4-3,1,2015,ABR
2015-4-4,6,2015,ABR
2015-4-5,1,2015,ABR
2015-4-6,7,2015,ABR
2015-4-7,4,2015,ABR
2015-4-8,3,2015,ABR
2015-4-9,1,2015,ABR
2015-4-10,2,2015,ABR
2015-4-12,12,2015,ABR
2015-4-14,2,2015,ABR
2015-4-15,8,2015,ABR
2015-4-16,1,2015,ABR
2015-4-17,2,2015,ABR
2015-4-18,9,2015,ABR
2015-4-19,5,2015,ABR
2015-4-20,1,2015,ABR
2015-4-21,4,2015,ABR
2015-4-22,3,2015,ABR
2015-4-23,1,2015,ABR
2015-4-24,6,2015,ABR
2015-4-25,2,2015,ABR
2015-4-26,3,2015,ABR
2015-5-1,2,2015,MAY
2015-5-2,4,2015,MAY
2015-5-3,1,2015,MAY
2015-5-4,2,2015,MAY
2015-5-5,8,2015,MAY
2015-5-6,4,2015,MAY
2015-5-7,3,2015,MAY
2015-5-8,5,2015,MAY
2015-5-9,1,2015,MAY
2015-5-10,2,2015,MAY
2015-5-11,11,2015,MAY
2015-5-15,3,2015,MAY
2015-5-16,4,2015,MAY
2015-5-17,2,2015,MAY
2015-5-18,6,2015,MAY
2015-5-19,3,2015,MAY
2015-5-20,1,2015,MAY
2015-5-21,5,2015,MAY
2015-5-22,8,2015,MAY
2015-5-23,4,2015,MAY
2015-5-24,1,2015,MAY
2015-5-25,2,2015,MAY
2015-6-1,2,2015,JUN
2015-6-2,3,2015,JUN
2015-6-3,1,2015,JUN
2015-6-4,2,2015,JUN
2015-6-5,5,2015,JUN
2015-6-6,7,2015,JUN
2015-6-7,3,2015,JUN
2015-6-8,2,2015,JUN
2015-6-9,1,2015,JUN
2015-6-10,4,2015,JUN
2015-6-11,12,2015,JUN
2015-6-14,2,2015,JUN
2015-6-15,1,2015,JUN
2015-6-16,3,2015,JUN
2015-6-17,1,2015,JUN
2015-6-18,3,2015,JUN
2015-6-19,4,2015,JUN
2015-6-20,2,2015,JUN
2015-6-21,1,2015,JUN
2015-6-22,3,2015,JUN
2015-6-23,5,2015,JUN
2015-6-24,1,2015,JUN
2015-6-25,12,2015,JUN
2015-6-27,1,2015,JUN
2015-6-29,2,2015,JUN
2015-7-1,1,2015,JUL
2015-7-2,2,2015,JUL
2015-7-3,5,2015,JUL
2015-7-4,13,2015,JUL
2015-7-6,1,2015,JUL
2015-7-7,2,2015,JUL
2015-7-8,3,2015,JUL
2015-7-9,1,2015,JUL
2015-7-10,4,2015,JUL
2015-7-11,1,2015,JUL
2015-7-12,12,2015,JUL
2015-7-15,2,2015,JUL
2015-7-16,2,2015,JUL
2015-7-17,4,2015,JUL
2015-7-18,1,2015,JUL
2015-7-19,2,2015,JUL
2015-7-20,11,2015,JUL
2015-7-21,1,2015,JUL
2015-7-22,3,2015,JUL
2015-7-23,5,2015,JUL
2015-7-24,2,2015,JUL
2015-7-25,1,2015,JUL
2015-7-26,4,2015,JUL
2015-7-27,9,2015,JUL
2015-7-28,1,2015,JUL
2015-7-29,3,2015,JUL
2015-7-30,2,2015,JUL
2015-7-31,1,2015,JUL
2015-8-1,2,2015,AGO
2015-8-2,1,2015,AGO
2015-8-3,5,2015,AGO
2015-8-4,2,2015,AGO
2015-8-5,5,2015,AGO
2015-8-6,2,2015,AGO
2015-8-7,1,2015,AGO
2015-8-8,5,2015,AGO
2015-8-9,2,2015,AGO
2015-8-10,10,2015,AGO
2015-8-12,2,2015,AGO
2015-8-13,4,2015,AGO
2015-8-14,2,2015,AGO
2015-8-15,1,2015,AGO
2015-8-16,3,2015,AGO
2015-8-17,1,2015,AGO
2015-8-18,5,2015,AGO
2015-8-19,3,2015,AGO
2015-8-20,7,2015,AGO
2015-8-21,10,2015,AGO
2015-8-23,4,2015,AGO
2015-8-24,1,2015,AGO
2015-8-25,5,2015,AGO
2015-8-26,1,2015,AGO
2015-8-27,2,2015,AGO
2015-8-28,4,2015,AGO
2015-8-29,1,2015,AGO
2015-8-30,6,2015,AGO
2015-8-31,5,2015,AGO
2015-9-1,1,2015,SEPT
2015-9-2,4,2015,SEPT
2015-9-3,5,2015,SEPT
2015-9-4,3,2015,SEPT
2015-9-5,4,2015,SEPT
2015-9-6,2,2015,SEPT
2015-9-7,3,2015,SEPT
2015-9-8,4,2015,SEPT
2015-9-9,8,2015,SEPT
2015-9-10,6,2015,SEPT
2015-9-12,5,2015,SEPT
2015-9-13,2,2015,SEPT
2015-9-14,3,2015,SEPT
2015-9-15,1,2015,SEPT
2015-9-16,9,2015,SEPT
2015-9-17,5,2015,SEPT
2015-9-18,6,2015,SEPT
2015-9-19,2,2015,SEPT
2015-9-20,1,2015,SEPT
2015-9-21,9,2015,SEPT
2015-9-22,4,2015,SEPT
2015-9-23,1,2015,SEPT
2015-9-24,11,2015,SEPT
2015-9-26,3,2015,SEPT
2015-9-27,3,2015,SEPT
2015-9-28,4,2015,SEPT
2015-9-29,2,2015,SEPT
2015-9-30,1,2015,SEPT
2015-10-1,6,2015,OCT
2015-10-2,3,2015,OCT
2015-10-3,1,2015,OCT
2015-10-4,2,2015,OCT
2015-10-5,5,2015,OCT
2015-10-6,5,2015,OCT
2015-10-9,4,2015,OCT
2015-10-10,21,2015,OCT
2015-10-11,3,2015,OCT
2015-10-12,3,2015,OCT
2015-10-13,6,2015,OCT
2015-10-14,1,2015,OCT
2015-10-15,5,2015,OCT
2015-10-16,6,2015,OCT
2015-10-17,4,2015,OCT
2015-10-18,1,2015,OCT
2015-10-19,7,2015,OCT
2015-10-20,4,2015,OCT
2015-10-21,3,2015,OCT
2015-10-22,2,2015,OCT
2015-10-23,1,2015,OCT
2015-10-24,5,2015,OCT
2015-10-25,1,2015,OCT
2015-10-26,1,2015,OCT
2015-10-27,4,2015,OCT
2015-10-28,2,2015,OCT
2015-10-29,8,2015,OCT
2015-10-31,1,2015,OCT
2015-11-2,8,2015,NOV
2015-11-3,4,2015,NOV
2015-11-4,1,2015,NOV
2015-11-5,2,2015,NOV
2015-11-6,7,2015,NOV
2015-11-7,1,2015,NOV
2015-11-10,4,2015,NOV
2015-11-11,6,2015,NOV
2015-11-12,8,2015,NOV
2015-11-13,9,2015,NOV
2015-11-14,5,2015,NOV
2015-11-15,1,2015,NOV
2015-11-16,3,2015,NOV
2015-11-17,4,2015,NOV
2015-11-18,7,2015,NOV
2015-11-19,4,2015,NOV
2015-11-20,1,2015,NOV
2015-11-21,16,2015,NOV
2015-11-23,4,2015,NOV
2015-11-24,2,2015,NOV
2015-11-25,6,2015,NOV
2015-11-26,10,2015,NOV
2015-11-27,4,2015,NOV
2015-11-28,14,2015,NOV
2015-11-29,8,2015,NOV
2015-11-30,5,2015,NOV
2015-12-1,7,2015,DIC
2015-12-2,6,2015,DIC
2015-12-3,9,2015,DIC
2015-12-4,7,2015,DIC
2015-12-5,1,2015,DIC
2015-12-6,1,2015,DIC
2015-12-8,4,2015,DIC
2015-12-9,6,2015,DIC
2015-12-10,2,2015,DIC
2015-12-11,2,2015,DIC
2015-12-12,4,2015,DIC
2015-12-13,1,2015,DIC
2015-12-14,3,2015,DIC
2015-12-15,3,2015,DIC
2015-12-16,2,2015,DIC
2015-12-17,1,2015,DIC
2015-12-18,2,2015,DIC
2015-12-19,1,2015,DIC
2015-12-20,2,2015,DIC
2015-12-21,3,2015,DIC
2015-12-22,2,2015,DIC
2015-12-23,3,2015,DIC
2015-12-24,2,2015,DIC
2015-12-25,1,2015,DIC
2015-12-26,7,2015,DIC
2015-12-28,3,2015,DIC
2015-12-29,6,2015,DIC
2015-12-30,3,2015,DIC
2015-12-31,4,2015,DIC
2016-1-1,4,2016,ENE
2016-1-2,9,2016,ENE
2016-1-3,1,2016,ENE
2016-1-4,2,2016,ENE
2016-1-5,7,2016,ENE
2016-1-6,2,2016,ENE
2016-1-7,2,2016,ENE
2016-1-8,4,2016,ENE
2016-1-9,1,2016,ENE
2016-1-11,2,2016,ENE
2016-1-12,5,2016,ENE
2016-1-13,3,2016,ENE
2016-1-14,1,2016,ENE
2016-1-15,4,2016,ENE
2016-1-16,6,2016,ENE
2016-1-17,6,2016,ENE
2016-1-18,2,2016,ENE
2016-1-19,1,2016,ENE
2016-1-20,6,2016,ENE
2016-1-21,1,2016,ENE
2016-1-23,1,2016,ENE
2016-1-24,2,2016,ENE
2016-1-25,2,2016,ENE
2016-1-26,9,2016,ENE
2016-1-28,5,2016,ENE
2016-1-29,2,2016,ENE
2016-1-30,2,2016,ENE
2016-1-31,2,2016,ENE
2016-2-1,9,2016,FEB
2016-2-2,6,2016,FEB
2016-2-3,6,2016,FEB
2016-2-5,3,2016,FEB
2016-2-6,2,2016,FEB
2016-2-7,1,2016,FEB
2016-2-8,5,2016,FEB
2016-2-9,4,2016,FEB
2016-2-10,4,2016,FEB
2016-2-11,2,2016,FEB
2016-2-12,9,2016,FEB
2016-2-13,4,2016,FEB
2016-2-14,20,2016,FEB
2016-2-15,1,2016,FEB
2016-2-16,11,2016,FEB
2016-2-17,4,2016,FEB
2016-2-18,3,2016,FEB
2016-2-19,2,2016,FEB
2016-2-20,4,2016,FEB
2016-2-21,2,2016,FEB
2016-2-22,3,2016,FEB
2016-2-23,4,2016,FEB
2016-2-24,5,2016,FEB
2016-2-25,1,2016,FEB
2016-2-26,2,2016,FEB
2016-2-27,3,2016,FEB
2016-2-29,2,2016,FEB
2016-3-1,9,2016,MAR
2016-3-2,2,2016,MAR
2016-3-3,9,2016,MAR
2016-3-4,3,2016,MAR
2016-3-5,8,2016,MAR
2016-3-6,1,2016,MAR
2016-3-7,1,2016,MAR
2016-3-8,3,2016,MAR
2016-3-9,4,2016,MAR
2016-3-10,2,2016,MAR
2016-3-11,1,2016,MAR
2016-3-12,3,2016,MAR
2016-3-13,4,2016,MAR
2016-3-14,6,2016,MAR
2016-3-15,2,2016,MAR
2016-3-16,1,2016,MAR
2016-3-17,3,2016,MAR
2016-3-18,7,2016,MAR
2016-3-19,5,2016,MAR
2016-3-20,3,2016,MAR
2016-3-21,1,2016,MAR
2016-3-22,6,2016,MAR
2016-3-23,1,2016,MAR
2016-3-24,2,2016,MAR
2016-3-25,8,2016,MAR
2016-3-26,4,2016,MAR
2016-3-27,2,2016,MAR
2016-3-28,1,2016,MAR
2016-4-1,4,2016,ABR
2016-4-2,4,2016,ABR
2016-4-4,9,2016,ABR
2016-4-5,8,2016,ABR
2016-4-6,3,2016,ABR
2016-4-7,6,2016,ABR
2016-4-8,3,2016,ABR
2016-4-9,6,2016,ABR
2016-4-10,3,2016,ABR
2016-4-11,7,2016,ABR
2016-4-12,2,2016,ABR
2016-4-13,2,2016,ABR
2016-4-14,4,2016,ABR
2016-4-15,5,2016,ABR
2016-4-16,4,2016,ABR
2016-4-17,4,2016,ABR
2016-4-18,2,2016,ABR
2016-4-19,7,2016,ABR
2016-4-20,4,2016,ABR
2016-4-21,5,2016,ABR
2016-4-22,3,2016,ABR
2016-4-23,3,2016,ABR
2016-4-25,3,2016,ABR
2016-4-26,10,2016,ABR
2016-4-27,3,2016,ABR
2016-4-28,4,2016,ABR
2016-4-30,2,2016,ABR
2016-5-1,1,2016,MAY
2016-5-2,1,2016,MAY
2016-5-3,3,2016,MAY
2016-5-4,2,2016,MAY
2016-5-5,1,2016,MAY
2016-5-6,4,2016,MAY
2016-5-7,4,2016,MAY
2016-5-8,1,2016,MAY
2016-5-9,5,2016,MAY
2016-5-10,7,2016,MAY
2016-5-12,8,2016,MAY
2016-5-13,1,2016,MAY
2016-5-16,4,2016,MAY
2016-5-17,3,2016,MAY
2016-5-18,3,2016,MAY
2016-5-19,4,2016,MAY
2016-5-20,2,2016,MAY
2016-5-21,1,2016,MAY
2016-5-22,1,2016,MAY
2016-5-24,4,2016,MAY
2016-5-25,3,2016,MAY
2016-5-26,8,2016,MAY
2016-5-27,4,2016,MAY
2016-5-28,3,2016,MAY
2016-5-30,1,2016,MAY
2016-5-31,13,2016,MAY
2016-6-1,7,2016,JUN
2016-6-2,4,2016,JUN
2016-6-3,5,2016,JUN
2016-6-7,6,2016,JUN
2016-6-8,4,2016,JUN
2016-6-9,5,2016,JUN
2016-6-11,3,2016,JUN
2016-6-13,4,2016,JUN
2016-6-14,6,2016,JUN
2016-6-15,3,2016,JUN
2016-6-16,4,2016,JUN
2016-6-17,1,2016,JUN
2016-6-18,2,2016,JUN
2016-6-19,1,2016,JUN
2016-6-20,4,2016,JUN
2016-6-21,3,2016,JUN
2016-6-22,2,2016,JUN
2016-6-23,8,2016,JUN
2016-6-24,1,2016,JUN
2016-6-25,1,2016,JUN
2016-6-26,2,2016,JUN
2016-6-27,5,2016,JUN
2016-6-28,2,2016,JUN
2016-6-29,1,2016,JUN
2016-6-30,5,2016,JUN
2016-7-1,2,2016,JUL
2016-7-3,5,2016,JUL
2016-7-4,4,2016,JUL
2016-7-5,1,2016,JUL
2016-7-7,20,2016,JUL
2016-7-9,3,2016,JUL
2016-7-10,1,2016,JUL
2016-7-11,5,2016,JUL
2016-7-12,9,2016,JUL
2016-7-14,4,2016,JUL
2016-7-15,1,2016,JUL
2016-7-16,3,2016,JUL
2016-7-18,4,2016,JUL
2016-7-19,6,2016,JUL
2016-7-20,1,2016,JUL
2016-7-21,2,2016,JUL
2016-7-22,4,2016,JUL
2016-7-23,3,2016,JUL
2016-7-24,1,2016,JUL
2016-7-25,2,2016,JUL
2016-7-26,5,2016,JUL
2016-7-27,4,2016,JUL
2016-7-28,4,2016,JUL
2016-7-29,5,2016,JUL
2016-7-30,2,2016,JUL
2016-7-31,2,2016,JUL
2016-8-1,5,2016,AGO
2016-8-2,1,2016,AGO
2016-8-3,2,2016,AGO
2016-8-4,11,2016,AGO
2016-8-5,5,2016,AGO
2016-8-6,4,2016,AGO
2016-8-7,3,2016,AGO
2016-8-8,5,2016,AGO
2016-8-9,6,2016,AGO
2016-8-10,3,2016,AGO
2016-8-11,8,2016,AGO
2016-8-13,2,2016,AGO
2016-8-14,5,2016,AGO
2016-8-15,2,2016,AGO
2016-8-16,1,2016,AGO
2016-8-17,4,2016,AGO
2016-8-18,3,2016,AGO
2016-8-19,4,2016,AGO
2016-8-20,7,2016,AGO
2016-8-21,3,2016,AGO
2016-8-22,4,2016,AGO
2016-8-23,3,2016,AGO
2016-8-25,1,2016,AGO
2016-8-26,6,2016,AGO
2016-8-27,1,2016,AGO
2016-8-28,1,2016,AGO
2016-8-29,4,2016,AGO
2016-8-30,1,2016,AGO
2016-8-31,4,2016,AGO
2016-9-1,1,2016,SEPT
2016-9-2,1,2016,SEPT
2016-9-3,6,2016,SEPT
2016-9-4,7,2016,SEPT
2016-9-5,10,2016,SEPT
2016-9-6,2,2016,SEPT
2016-9-7,7,2016,SEPT
2016-9-8,7,2016,SEPT
2016-9-9,4,2016,SEPT
2016-9-10,2,2016,SEPT
2016-9-12,1,2016,SEPT
2016-9-13,6,2016,SEPT
2016-9-14,4,2016,SEPT
2016-9-15,6,2016,SEPT
2016-9-16,6,2016,SEPT
2016-9-17,2,2016,SEPT
2016-9-18,3,2016,SEPT
2016-9-19,4,2016,SEPT
2016-9-20,3,2016,SEPT
2016-9-21,3,2016,SEPT
2016-9-22,7,2016,SEPT
2016-9-23,11,2016,SEPT
2016-9-24,2,2016,SEPT
2016-9-25,3,2016,SEPT
2016-9-26,6,2016,SEPT
2016-9-27,5,2016,SEPT
2016-9-28,6,2016,SEPT
2016-9-29,7,2016,SEPT
2016-9-30,2,2016,SEPT
2016-10-1,7,2016,OCT
2016-10-2,1,2016,OCT
2016-10-3,3,2016,OCT
2016-10-4,4,2016,OCT
2016-10-5,3,2016,OCT
2016-10-7,6,2016,OCT
2016-10-8,1,2016,OCT
2016-10-9,3,2016,OCT
2016-10-10,7,2016,OCT
2016-10-11,5,2016,OCT
2016-10-12,4,2016,OCT
2016-10-13,6,2016,OCT
2016-10-14,4,2016,OCT
2016-10-15,4,2016,OCT
2016-10-16,6,2016,OCT
2016-10-17,4,2016,OCT
2016-10-18,2,2016,OCT
2016-10-19,3,2016,OCT
2016-10-20,4,2016,OCT
2016-10-21,5,2016,OCT
2016-10-22,4,2016,OCT
2016-10-24,1,2016,OCT
2016-10-25,9,2016,OCT
2016-10-26,5,2016,OCT
2016-10-27,12,2016,OCT
2016-10-28,4,2016,OCT
2016-10-29,5,2016,OCT
2016-10-30,2,2016,OCT
2016-10-31,5,2016,OCT
2016-11-1,6,2016,NOV
2016-11-2,3,2016,NOV
2016-11-3,5,2016,NOV
2016-11-4,5,2016,NOV
2016-11-5,21,2016,NOV
2016-11-6,4,2016,NOV
2016-11-8,3,2016,NOV
2016-11-9,6,2016,NOV
2016-11-10,4,2016,NOV
2016-11-11,2,2016,NOV
2016-11-12,3,2016,NOV
2016-11-13,8,2016,NOV
2016-11-14,3,2016,NOV
2016-11-15,4,2016,NOV
2016-11-16,4,2016,NOV
2016-11-17,5,2016,NOV
2016-11-18,5,2016,NOV
2016-11-19,7,2016,NOV
2016-11-20,12,2016,NOV
2016-11-21,4,2016,NOV
2016-11-22,8,2016,NOV
2016-11-23,7,2016,NOV
2016-11-24,7,2016,NOV
2016-11-25,2,2016,NOV
2016-11-26,7,2016,NOV
2016-11-27,8,2016,NOV
2016-11-28,2,2016,NOV
2016-11-29,6,2016,NOV
2016-11-30,5,2016,NOV
2016-12-1,4,2016,DIC
2016-12-2,2,2016,DIC
2016-12-4,4,2016,DIC
2016-12-5,7,2016,DIC
2016-12-6,2,2016,DIC
2016-12-7,1,2016,DIC
2016-12-8,2,2016,DIC
2016-12-9,2,2016,DIC
2016-12-10,7,2016,DIC
2016-12-11,5,2016,DIC
2016-12-12,4,2016,DIC
2016-12-13,7,2016,DIC
2016-12-14,5,2016,DIC
2016-12-16,1,2016,DIC
2016-12-17,3,2016,DIC
2016-12-19,4,2016,DIC
2016-12-20,3,2016,DIC
2016-12-21,9,2016,DIC
2016-12-23,6,2016,DIC
2016-12-24,5,2016,DIC
2016-12-25,3,2016,DIC
2016-12-26,1,2016,DIC
2016-12-27,5,2016,DIC
2016-12-28,3,2016,DIC
2016-12-30,3,2016,DIC
2016-12-31,4,2016,DIC
2017-1-2,1,2017,ENE
2017-1-3,7,2017,ENE
2017-1-4,9,2017,ENE
2017-1-5,9,2017,ENE
2017-1-6,3,2017,ENE
2017-1-7,1,2017,ENE
2017-1-8,5,2017,ENE
2017-1-9,8,2017,ENE
2017-1-10,9,2017,ENE
2017-1-11,5,2017,ENE
2017-1-12,3,2017,ENE
2017-1-13,2,2017,ENE
2017-1-14,5,2017,ENE
2017-1-15,4,2017,ENE
2017-1-16,5,2017,ENE
2017-1-17,11,2017,ENE
2017-1-18,6,2017,ENE
2017-1-19,6,2017,ENE
2017-1-20,2,2017,ENE
2017-1-21,2,2017,ENE
2017-1-22,4,2017,ENE
2017-1-23,5,2017,ENE
2017-1-24,6,2017,ENE
2017-1-25,4,2017,ENE
2017-1-26,18,2017,ENE
2017-1-27,6,2017,ENE
2017-1-28,6,2017,ENE
2017-1-29,3,2017,ENE
2017-1-30,10,2017,ENE
2017-1-31,9,2017,ENE
2017-2-1,8,2017,FEB
2017-2-2,4,2017,FEB
2017-2-3,3,2017,FEB
2017-2-4,6,2017,FEB
2017-2-5,5,2017,FEB
2017-2-6,1,2017,FEB
2017-2-7,7,2017,FEB
2017-2-8,3,2017,FEB
2017-2-9,5,2017,FEB
2017-2-10,4,2017,FEB
2017-2-11,4,2017,FEB
2017-2-12,16,2017,FEB
2017-2-13,4,2017,FEB
2017-2-14,5,2017,FEB
2017-2-15,6,2017,FEB
2017-2-16,4,2017,FEB
2017-2-17,4,2017,FEB
2017-2-18,2,2017,FEB
2017-2-19,6,2017,FEB
2017-2-20,2,2017,FEB
2017-2-21,5,2017,FEB
2017-2-22,1,2017,FEB
2017-2-23,6,2017,FEB
2017-2-24,2,2017,FEB
2017-2-25,1,2017,FEB
2017-2-26,2,2017,FEB
2017-2-27,1,2017,FEB
2017-2-28,6,2017,FEB
2017-3-1,3,2017,MAR
2017-3-2,8,2017,MAR
2017-3-3,3,2017,MAR
2017-3-4,6,2017,MAR
2017-3-5,2,2017,MAR
2017-3-6,5,2017,MAR
2017-3-7,3,2017,MAR
2017-3-8,6,2017,MAR
2017-3-9,5,2017,MAR
2017-3-10,2,2017,MAR
2017-3-11,3,2017,MAR
2017-3-12,6,2017,MAR
2017-3-13,9,2017,MAR
2017-3-14,1,2017,MAR
2017-3-16,2,2017,MAR
2017-3-17,3,2017,MAR
2017-3-19,1,2017,MAR
2017-3-20,8,2017,MAR
2017-3-22,1,2017,MAR
2017-3-23,2,2017,MAR
2017-3-27,1,2017,MAR
2017-3-28,9,2017,MAR
2017-3-29,3,2017,MAR
2017-3-30,1,2017,MAR
2017-4-1,2,2017,ABR
2017-4-2,1,2017,ABR
2017-4-3,6,2017,ABR
2017-4-5,1,2017,ABR
2017-4-6,3,2017,ABR
2017-4-8,7,2017,ABR
2017-4-9,2,2017,ABR
2017-4-10,4,2017,ABR
2017-4-11,2,2017,ABR
2017-4-13,6,2017,ABR
2017-4-14,2,2017,ABR
2017-4-15,9,2017,ABR
2017-4-16,2,2017,ABR
2017-4-17,4,2017,ABR
2017-4-18,4,2017,ABR
2017-4-19,2,2017,ABR
2017-4-20,3,2017,ABR
2017-4-22,1,2017,ABR
2017-4-24,10,2017,ABR
2017-4-25,2,2017,ABR
2017-4-26,1,2017,ABR
2017-4-27,3,2017,ABR
2017-4-28,3,2017,ABR
2017-4-29,5,2017,ABR
2017-4-30,1,2017,ABR
2017-5-1,1,2017,MAY
2017-5-2,5,2017,MAY
2017-5-3,5,2017,MAY
2017-5-4,2,2017,MAY
2017-5-5,9,2017,MAY
2017-5-7,3,2017,MAY
2017-5-8,4,2017,MAY
2017-5-9,7,2017,MAY
2017-5-10,3,2017,MAY
2017-5-11,8,2017,MAY
2017-5-12,5,2017,MAY
2017-5-13,3,2017,MAY
2017-5-15,4,2017,MAY
2017-5-16,4,2017,MAY
2017-5-17,6,2017,MAY
2017-5-18,1,2017,MAY
2017-5-19,4,2017,MAY
2017-5-20,7,2017,MAY
2017-5-21,3,2017,MAY
2017-5-22,2,2017,MAY
2017-5-23,3,2017,MAY
2017-5-25,4,2017,MAY
2017-5-26,2,2017,MAY
2017-5-27,4,2017,MAY
2017-5-28,1,2017,MAY
2017-5-29,3,2017,MAY
2017-5-30,4,2017,MAY
2017-5-31,5,2017,MAY
2017-6-1,4,2017,JUN
2017-6-2,3,2017,JUN
2017-6-3,9,2017,JUN
2017-6-4,5,2017,JUN
2017-6-5,4,2017,JUN
2017-6-6,5,2017,JUN
2017-6-7,7,2017,JUN
2017-6-8,10,2017,JUN
2017-6-9,3,2017,JUN
2017-6-10,4,2017,JUN
2017-6-11,2,2017,JUN
2017-6-12,2,2017,JUN
2017-6-13,5,2017,JUN
2017-6-14,3,2017,JUN
2017-6-15,6,2017,JUN
2017-6-16,1,2017,JUN
2017-6-17,3,2017,JUN
2017-6-18,1,2017,JUN
2017-6-19,5,2017,JUN
2017-6-20,2,2017,JUN
2017-6-21,3,2017,JUN
2017-6-22,9,2017,JUN
2017-6-23,2,2017,JUN
2017-6-24,2,2017,JUN
2017-6-26,20,2017,JUN
2017-6-27,2,2017,JUN
2017-6-28,1,2017,JUN
2017-6-29,2,2017,JUN
2017-6-30,1,2017,JUN
2017-7-1,4,2017,JUL
2017-7-2,4,2017,JUL
2017-7-3,4,2017,JUL
2017-7-4,1,2017,JUL
2017-7-5,8,2017,JUL
2017-7-6,5,2017,JUL
2017-7-7,2,2017,JUL
2017-7-8,4,2017,JUL
2017-7-9,5,2017,JUL
2017-7-10,3,2017,JUL
2017-7-11,4,2017,JUL
2017-7-12,7,2017,JUL
2017-7-13,5,2017,JUL
2017-7-14,4,2017,JUL
2017-7-15,4,2017,JUL
2017-7-16,1,2017,JUL
2017-7-17,3,2017,JUL
2017-7-18,3,2017,JUL
2017-7-19,5,2017,JUL
2017-7-21,5,2017,JUL
2017-7-22,1,2017,JUL
2017-7-23,1,2017,JUL
2017-7-24,4,2017,JUL
2017-7-25,3,2017,JUL
2017-7-26,1,2017,JUL
2017-7-27,1,2017,JUL
2017-7-28,6,2017,JUL
2017-7-29,4,2017,JUL
2017-7-30,2,2017,JUL
2017-7-31,4,2017,JUL
2017-8-1,2,2017,AGO
2017-8-3,4,2017,AGO
2017-8-4,2,2017,AGO
2017-8-5,4,2017,AGO
2017-8-6,5,2017,AGO
2017-8-8,4,2017,AGO
2017-8-9,4,2017,AGO
2017-8-10,3,2017,AGO
2017-8-11,6,2017,AGO
2017-8-12,9,2017,AGO
2017-8-15,5,2017,AGO
2017-8-16,4,2017,AGO
2017-8-18,3,2017,AGO
2017-8-19,6,2017,AGO
2017-8-20,1,2017,AGO
2017-8-21,2,2017,AGO
2017-8-22,6,2017,AGO
2017-8-23,4,2017,AGO
2017-8-24,6,2017,AGO
2017-8-25,6,2017,AGO
2017-8-26,2,2017,AGO
2017-8-27,4,2017,AGO
2017-8-28,1,2017,AGO
2017-8-29,4,2017,AGO
2017-8-30,1,2017,AGO
2017-8-31,2,2017,AGO
2017-9-1,3,2017,SEPT
2017-9-2,20,2017,SEPT
2017-9-3,5,2017,SEPT
2017-9-4,11,2017,SEPT
2017-9-5,2,2017,SEPT
2017-9-6,4,2017,SEPT
2017-9-7,4,2017,SEPT
2017-9-8,5,2017,SEPT
2017-9-9,1,2017,SEPT
2017-9-10,2,2017,SEPT
2017-9-11,1,2017,SEPT
2017-9-12,2,2017,SEPT
2017-9-13,2,2017,SEPT
2017-9-14,5,2017,SEPT
2017-9-15,1,2017,SEPT
2017-9-16,11,2017,SEPT
2017-9-18,1,2017,SEPT
2017-9-19,14,2017,SEPT
2017-9-20,3,2017,SEPT
2017-9-21,3,2017,SEPT
2017-9-23,5,2017,SEPT
2017-9-25,4,2017,SEPT
2017-9-26,8,2017,SEPT
2017-9-27,5,2017,SEPT
2017-9-28,8,2017,SEPT
2017-9-29,3,2017,SEPT
2017-9-30,7,2017,SEPT
2017-10-1,7,2017,OCT
2017-10-2,4,2017,OCT
2017-10-3,9,2017,OCT
2017-10-4,3,2017,OCT
2017-10-6,7,2017,OCT
2017-10-7,9,2017,OCT
2017-10-8,2,2017,OCT
2017-10-9,8,2017,OCT
2017-10-10,7,2017,OCT
2017-10-11,2,2017,OCT
2017-10-12,22,2017,OCT
2017-10-13,5,2017,OCT
2017-10-14,6,2017,OCT
2017-10-15,4,2017,OCT
2017-10-16,9,2017,OCT
2017-10-17,3,2017,OCT
2017-10-18,6,2017,OCT
2017-10-19,12,2017,OCT
2017-10-20,9,2017,OCT
2017-10-21,2,2017,OCT
2017-10-23,7,2017,OCT
2017-10-24,11,2017,OCT
2017-10-25,6,2017,OCT
2017-10-26,3,2017,OCT
2017-10-27,10,2017,OCT
2017-10-28,5,2017,OCT
2017-10-29,1,2017,OCT
2017-10-30,2,2017,OCT
2017-10-31,3,2017,OCT
2017-11-1,1,2017,NOV
2017-11-2,2,2017,NOV
2017-11-3,4,2017,NOV
2017-11-4,6,2017,NOV
2017-11-5,6,2017,NOV
2017-11-6,7,2017,NOV
2017-11-7,5,2017,NOV
2017-11-8,7,2017,NOV
2017-11-9,5,2017,NOV
2017-11-10,4,2017,NOV
2017-11-11,2,2017,NOV
2017-11-13,5,2017,NOV
2017-11-14,3,2017,NOV
2017-11-15,9,2017,NOV
2017-11-16,6,2017,NOV
2017-11-17,2,2017,NOV
2017-11-18,9,2017,NOV
2017-11-19,2,2017,NOV
2017-11-20,5,2017,NOV
2017-11-21,5,2017,NOV
2017-11-22,6,2017,NOV
2017-11-23,6,2017,NOV
2017-11-24,6,2017,NOV
2017-11-25,6,2017,NOV
2017-11-26,2,2017,NOV
2017-11-27,1,2017,NOV
2017-11-28,6,2017,NOV
2017-11-29,2,2017,NOV
2017-11-30,6,2017,NOV
2017-12-1,5,2017,DIC
2017-12-2,3,2017,DIC
2017-12-3,4,2017,DIC
2017-12-4,8,2017,DIC
2017-12-5,6,2017,DIC
2017-12-6,4,2017,DIC
2017-12-7,6,2017,DIC
2017-12-8,2,2017,DIC
2017-12-9,1,2017,DIC
2017-12-11,7,2017,DIC
2017-12-12,8,2017,DIC
2017-12-13,1,2017,DIC
2017-12-14,2,2017,DIC
2017-12-16,1,2017,DIC
2017-12-17,4,2017,DIC
2017-12-19,5,2017,DIC
2017-12-20,5,2017,DIC
2017-12-21,3,2017,DIC
2017-12-22,1,2017,DIC
2017-12-23,4,2017,DIC
2017-12-24,1,2017,DIC
2017-12-26,8,2017,DIC
2017-12-27,5,2017,DIC
2017-12-28,2,2017,DIC
2017-12-29,4,2017,DIC
2017-12-30,5,2017,DIC
2017-12-31,5,2017,DIC
2018-1-1,1,2018,ENE
2018-1-2,7,2018,ENE
2018-1-3,10,2018,ENE
2018-1-4,8,2018,ENE
2018-1-5,2,2018,ENE
2018-1-7,1,2018,ENE
2018-1-8,3,2018,ENE
2018-1-9,6,2018,ENE
2018-1-10,3,2018,ENE
2018-1-11,1,2018,ENE
2018-1-12,5,2018,ENE
2018-1-13,11,2018,ENE
2018-1-14,2,2018,ENE
2018-1-15,2,2018,ENE
2018-1-16,7,2018,ENE
2018-1-17,7,2018,ENE
2018-1-18,16,2018,ENE
2018-1-19,4,2018,ENE
2018-1-20,5,2018,ENE
2018-1-21,1,2018,ENE
2018-1-22,4,2018,ENE
2018-1-23,9,2018,ENE
2018-1-24,6,2018,ENE
2018-1-25,1,2018,ENE
2018-1-26,4,2018,ENE
2018-1-27,4,2018,ENE
2018-1-28,3,2018,ENE
2018-1-29,3,2018,ENE
2018-1-30,7,2018,ENE
2018-1-31,7,2018,ENE
2018-2-1,3,2018,FEB
2018-2-2,3,2018,FEB
2018-2-3,5,2018,FEB
2018-2-4,14,2018,FEB
2018-2-5,1,2018,FEB
2018-2-6,4,2018,FEB
2018-2-7,9,2018,FEB
2018-2-8,3,2018,FEB
2018-2-9,2,2018,FEB
2018-2-10,4,2018,FEB
2018-2-11,6,2018,FEB
2018-2-12,13,2018,FEB
2018-2-13,13,2018,FEB
2018-2-14,3,2018,FEB
2018-2-15,5,2018,FEB
2018-2-16,2,2018,FEB
2018-2-17,1,2018,FEB
2018-2-18,5,2018,FEB
2018-2-19,2,2018,FEB
2018-2-20,6,2018,FEB
2018-2-21,4,2018,FEB
2018-2-22,4,2018,FEB
2018-2-23,7,2018,FEB
2018-2-24,5,2018,FEB
2018-2-25,2,2018,FEB
2018-2-26,6,2018,FEB
2018-2-27,12,2018,FEB
2018-2-28,5,2018,FEB
2018-3-1,3,2018,MAR
2018-3-2,1,2018,MAR
2018-3-3,1,2018,MAR
2018-3-4,6,2018,MAR
2018-3-5,6,2018,MAR
2018-3-6,6,2018,MAR
2018-3-7,1,2018,MAR
2018-3-8,6,2018,MAR
2018-3-9,5,2018,MAR
2018-3-10,2,2018,MAR
2018-3-11,3,2018,MAR
2018-3-12,9,2018,MAR
2018-3-13,10,2018,MAR
2018-3-14,6,2018,MAR
2018-3-15,7,2018,MAR
2018-3-17,4,2018,MAR
2018-3-18,4,2018,MAR
2018-3-19,4,2018,MAR
2018-3-20,6,2018,MAR
2018-3-21,7,2018,MAR
2018-3-22,5,2018,MAR
2018-3-23,3,2018,MAR
2018-3-24,3,2018,MAR
2018-3-25,3,2018,MAR
2018-3-26,4,2018,MAR
2018-3-27,6,2018,MAR
2018-3-28,2,2018,MAR
2018-3-29,13,2018,MAR
2018-3-30,4,2018,MAR
2018-3-31,3,2018,MAR
2018-4-1,8,2018,ABR
2018-4-2,5,2018,ABR
2018-4-3,8,2018,ABR
2018-4-4,4,2018,ABR
2018-4-5,4,2018,ABR
2018-4-6,4,2018,ABR
2018-4-7,5,2018,ABR
2018-4-9,7,2018,ABR
2018-4-10,8,2018,ABR
2018-4-11,5,2018,ABR
2018-4-12,6,2018,ABR
2018-4-13,3,2018,ABR
2018-4-14,1,2018,ABR
2018-4-15,1,2018,ABR
2018-4-16,7,2018,ABR
2018-4-17,2,2018,ABR
2018-4-18,3,2018,ABR
2018-4-19,5,2018,ABR
2018-4-20,1,2018,ABR
2018-4-21,6,2018,ABR
2018-4-23,3,2018,ABR
2018-4-24,10,2018,ABR
2018-4-25,1,2018,ABR
2018-4-26,6,2018,ABR
2018-4-27,2,2018,ABR
2018-4-28,5,2018,ABR
2018-4-29,1,2018,ABR
2018-4-30,4,2018,ABR
2018-5-1,1,2018,MAY
2018-5-2,5,2018,MAY
2018-5-3,2,2018,MAY
2018-5-4,2,2018,MAY
2018-5-7,7,2018,MAY
2018-5-8,7,2018,MAY
2018-5-9,1,2018,MAY
2018-5-10,1,2018,MAY
2018-5-11,7,2018,MAY
2018-5-12,1,2018,MAY
2018-5-14,2,2018,MAY
2018-5-15,2,2018,MAY
2018-5-16,8,2018,MAY
2018-5-17,6,2018,MAY
2018-5-18,4,2018,MAY
2018-5-19,4,2018,MAY
2018-5-21,4,2018,MAY
2018-5-22,2,2018,MAY
2018-5-23,4,2018,MAY
2018-5-24,7,2018,MAY
2018-5-25,4,2018,MAY
2018-5-26,4,2018,MAY
2018-5-28,3,2018,MAY
2018-5-29,5,2018,MAY
2018-5-30,5,2018,MAY
2018-5-31,5,2018,MAY
2018-6-1,3,2018,JUN
2018-6-2,3,2018,JUN
2018-6-3,8,2018,JUN
2018-6-4,2,2018,JUN
2018-6-5,4,2018,JUN
2018-6-6,5,2018,JUN
2018-6-7,10,2018,JUN
2018-6-8,1,2018,JUN
2018-6-9,2,2018,JUN
2018-6-11,1,2018,JUN
2018-6-12,6,2018,JUN
2018-6-13,7,2018,JUN
2018-6-14,2,2018,JUN
2018-6-15,1,2018,JUN
2018-6-17,2,2018,JUN
2018-6-18,8,2018,JUN
2018-6-19,5,2018,JUN
2018-6-20,6,2018,JUN
2018-6-21,1,2018,JUN
2018-6-22,7,2018,JUN
2018-6-24,6,2018,JUN
2018-6-25,2,2018,JUN
2018-6-26,3,2018,JUN
2018-6-27,6,2018,JUN
2018-6-28,6,2018,JUN
2018-6-29,5,2018,JUN
2018-6-30,5,2018,JUN
2018-7-1,4,2018,JUL
2018-7-2,4,2018,JUL
2018-7-3,2,2018,JUL
2018-7-4,1,2018,JUL
2018-7-5,1,2018,JUL
2018-7-6,1,2018,JUL
2018-7-7,4,2018,JUL
2018-7-8,2,2018,JUL
2018-7-9,2,2018,JUL
2018-7-10,7,2018,JUL
2018-7-11,3,2018,JUL
2018-7-13,2,2018,JUL
2018-7-14,7,2018,JUL
2018-7-15,2,2018,JUL
2018-7-16,5,2018,JUL
2018-7-17,4,2018,JUL
2018-7-18,2,2018,JUL
2018-7-19,6,2018,JUL
2018-7-20,2,2018,JUL
2018-7-22,4,2018,JUL
2018-7-23,3,2018,JUL
2018-7-24,2,2018,JUL
2018-7-25,5,2018,JUL
2018-7-27,2,2018,JUL
2018-7-28,6,2018,JUL
2018-7-29,5,2018,JUL
2018-7-30,6,2018,JUL
2018-7-31,3,2018,JUL
2018-8-1,2,2018,AGO
2018-8-3,4,2018,AGO
2018-8-4,2,2018,AGO
2018-8-5,4,2018,AGO
2018-8-6,5,2018,AGO
2018-8-8,4,2018,AGO
2018-8-9,4,2018,AGO
2018-8-10,4,2018,AGO
2018-8-11,6,2018,AGO
2018-8-12,9,2018,AGO
2018-8-15,5,2018,AGO
2018-8-16,4,2018,AGO
2018-8-18,3,2018,AGO
2018-8-19,6,2018,AGO
2018-8-20,2,2018,AGO
2018-8-21,2,2018,AGO
2018-8-22,6,2018,AGO
2018-8-23,4,2018,AGO
2018-8-24,6,2018,AGO
2018-8-25,6,2018,AGO
2018-8-26,2,2018,AGO
2018-8-27,4,2018,AGO
2018-8-28,1,2018,AGO
2018-8-29,4,2018,AGO
2018-8-30,1,2018,AGO
2018-8-31,2,2018,AGO
2018-9-1,3,2018,SEPT
2018-9-2,21,2018,SEPT
2018-9-3,5,2018,SEPT
2018-9-4,11,2018,SEPT
2018-9-5,2,2018,SEPT
2018-9-6,4,2018,SEPT
2018-9-7,4,2018,SEPT
2018-9-8,5,2018,SEPT
2018-9-9,1,2018,SEPT
2018-9-10,2,2018,SEPT
2018-9-11,1,2018,SEPT
2018-9-12,2,2018,SEPT
2018-9-13,2,2018,SEPT
2018-9-14,5,2018,SEPT
2018-9-15,1,2018,SEPT
2018-9-16,11,2018,SEPT
2018-9-18,1,2018,SEPT
2018-9-19,14,2018,SEPT
2018-9-20,3,2018,SEPT
2018-9-21,3,2018,SEPT
2018-9-23,5,2018,SEPT
2018-9-25,4,2018,SEPT
2018-9-26,8,2018,SEPT
2018-9-27,5,2018,SEPT
2018-9-28,8,2018,SEPT
2018-9-29,3,2018,SEPT
2018-9-30,7,2018,SEPT
2018-10-1,7,2018,OCT
2018-10-2,4,2018,OCT
2018-10-3,9,2018,OCT
2018-10-4,3,2018,OCT
2018-10-6,7,2018,OCT
2018-10-7,9,2018,OCT
2018-10-8,2,2018,OCT
2018-10-9,8,2018,OCT
2018-10-10,7,2018,OCT
2018-10-11,2,2018,OCT
2018-10-12,23,2018,OCT
2018-10-13,1,2018,OCT
2018-10-14,6,2018,OCT
2018-10-15,4,2018,OCT
2018-10-16,9,2018,OCT
2018-10-17,3,2018,OCT
2018-10-18,6,2018,OCT
2018-10-19,12,2018,OCT
2018-10-20,9,2018,OCT
2018-10-21,2,2018,OCT
2018-10-23,7,2018,OCT
2018-10-24,11,2018,OCT
2018-10-25,6,2018,OCT
2018-10-26,3,2018,OCT
2018-10-27,10,2018,OCT
2018-10-28,5,2018,OCT
2018-10-29,1,2018,OCT
2018-10-30,2,2018,OCT
2018-10-31,3,2018,OCT
2018-11-1,1,2018,NOV
2018-11-2,2,2018,NOV
2018-11-3,4,2018,NOV
2018-11-4,6,2018,NOV
2018-11-5,6,2018,NOV
2018-11-6,7,2018,NOV
2018-11-7,5,2018,NOV
2018-11-8,7,2018,NOV
2018-11-9,5,2018,NOV
2018-11-10,4,2018,NOV
2018-11-11,2,2018,NOV
2018-11-13,5,2018,NOV
2018-11-14,3,2018,NOV
2018-11-15,9,2018,NOV
2018-11-16,6,2018,NOV
2018-11-17,2,2018,NOV
2018-11-18,9,2018,NOV
2018-11-19,2,2018,NOV
2018-11-20,5,2018,NOV
2018-11-21,5,2018,NOV
2018-11-22,6,2018,NOV
2018-11-23,6,2018,NOV
2018-11-24,6,2018,NOV
2018-11-25,6,2018,NOV
2018-11-26,2,2018,NOV
2018-11-27,1,2018,NOV
2018-11-28,6,2018,NOV
2018-11-29,2,2018,NOV
2018-11-30,6,2018,NOV
2018-12-1,5,2018,DIC
2018-12-2,3,2018,DIC
2018-12-3,4,2018,DIC
2018-12-4,8,2018,DIC
2018-12-5,6,2018,DIC
2018-12-6,4,2018,DIC
2018-12-7,6,2018,DIC
2018-12-8,2,2018,DIC
2018-12-9,1,2018,DIC
2018-12-11,7,2018,DIC
2018-12-12,8,2018,DIC
2018-12-13,1,2018,DIC
2018-12-14,2,2018,DIC
2018-12-16,1,2018,DIC
2018-12-17,4,2018,DIC
2018-12-19,5,2018,DIC
2018-12-20,5,2018,DIC
2018-12-21,3,2018,DIC
2018-12-22,1,2018,DIC
2018-12-23,4,2018,DIC
2018-12-24,1,2018,DIC
2018-12-26,8,2018,DIC
2018-12-27,5,2018,DIC
2018-12-28,2,2018,DIC
2018-12-29,4,2018,DIC
2018-12-30,5,2018,DIC
2018-12-31,5,2018,DIC
2019-1-1,5,2019,ENE
2019-1-2,2,2019,ENE
2019-1-3,5,2019,ENE
2019-1-4,5,2019,ENE
2019-1-5,3,2019,ENE
2019-1-7,10,2019,ENE
2019-1-8,3,2019,ENE
2019-1-9,4,2019,ENE
2019-1-10,5,2019,ENE
2019-1-11,3,2019,ENE
2019-1-12,2,2019,ENE
2019-1-14,2,2019,ENE
2019-1-15,2,2019,ENE
2019-1-16,4,2019,ENE
2019-1-17,5,2019,ENE
2019-1-18,3,2019,ENE
2019-1-19,1,2019,ENE
2019-1-20,1,2019,ENE
2019-1-21,8,2019,ENE
2019-1-22,3,2019,ENE
2019-1-23,2,2019,ENE
2019-1-24,1,2019,ENE
2019-1-25,5,2019,ENE
2019-1-26,3,2019,ENE
2019-1-27,2,2019,ENE
2019-1-28,2,2019,ENE
2019-1-29,5,2019,ENE
2019-1-30,4,2019,ENE
2019-1-31,4,2019,ENE
2019-2-1,2,2019,FEB
2019-2-2,9,2019,FEB
2019-2-3,6,2019,FEB
2019-2-4,5,2019,FEB
2019-2-5,1,2019,FEB
2019-2-6,2,2019,FEB
2019-2-8,4,2019,FEB
2019-2-9,6,2019,FEB
2019-2-10,4,2019,FEB
2019-2-11,7,2019,FEB
2019-2-12,8,2019,FEB
2019-2-13,5,2019,FEB
2019-2-14,8,2019,FEB
2019-2-15,6,2019,FEB
2019-2-16,4,2019,FEB
2019-2-17,4,2019,FEB
2019-2-18,5,2019,FEB
2019-2-19,6,2019,FEB
2019-2-20,2,2019,FEB
2019-2-21,7,2019,FEB
2019-2-22,3,2019,FEB
2019-2-23,12,2019,FEB
2019-2-24,1,2019,FEB
2019-2-25,1,2019,FEB
2019-2-26,12,2019,FEB
2019-2-27,7,2019,FEB
2019-2-28,4,2019,FEB
2019-3-1,6,2019,MAR
2019-3-3,5,2019,MAR
2019-3-4,4,2019,MAR
2019-3-5,9,2019,MAR
2019-3-6,10,2019,MAR
2019-3-7,5,2019,MAR
2019-3-8,2,2019,MAR
2019-3-9,3,2019,MAR
2019-3-11,6,2019,MAR
2019-3-12,4,2019,MAR
2019-3-13,7,2019,MAR
2019-3-14,9,2019,MAR
2019-3-15,6,2019,MAR
2019-3-16,6,2019,MAR
2019-3-17,5,2019,MAR
2019-3-18,5,2019,MAR
2019-3-19,13,2019,MAR
2019-3-20,15,2019,MAR
2019-3-21,6,2019,MAR
2019-3-22,1,2019,MAR
2019-3-23,5,2019,MAR
2019-3-24,2,2019,MAR
2019-3-25,8,2019,MAR
2019-3-26,8,2019,MAR
2019-3-27,8,2019,MAR
2019-3-28,9,2019,MAR
2019-3-29,5,2019,MAR
2019-3-30,3,2019,MAR
2019-3-31,9,2019,MAR
